timestamp,open,high,low,close,volume
2025-05-13 11:04:16,100.0,100.13193611504674,99.786261196482,99.86291000187978,89.28796643333091
2025-05-13 11:05:16,99.86291000187978,100.4370513306225,99.22583740720758,99.358790065336,78.68254212213276
2025-05-13 11:06:16,99.358790065336,99.80364823021843,99.08177212302573,99.43377881078649,90.33508150287176
2025-05-13 11:07:16,99.43377881078649,100.0943048250567,98.95594279390399,99.52472055354967,24.17820193025821
2025-05-13 11:08:16,99.52472055354967,100.09526160571465,98.58330253958067,98.90755695743027,23.712873496825683
2025-05-13 11:09:16,98.90755695743027,99.60497952399095,98.89487256684873,99.24008091964694,71.24893234394295
2025-05-13 11:10:16,99.24008091964694,99.36684377929494,98.5406937868109,99.33364668252699,37.218678244167144
2025-05-13 11:11:16,99.33364668252699,99.48563763618407,98.60839646523712,98.93634170435786,44.10213528495325
2025-05-13 11:12:16,98.93634170435786,99.3277602260153,97.96550280975264,98.91592108905108,90.83827606546764
2025-05-13 11:13:16,98.91592108905108,99.70321467063374,98.2468020181055,98.91700538633252,89.84680970672518
2025-05-13 11:14:16,98.91700538633252,99.5937972107591,98.4404309523564,98.49803198340973,63.03687817027027
2025-05-13 11:15:16,98.49803198340973,98.5790793282171,97.5937767067861,98.27895214666263,97.20652098386685
2025-05-13 11:16:16,98.27895214666263,98.765659929747,97.9780205252028,98.56786449934094,79.7607819015709
2025-05-13 11:17:16,98.56786449934094,98.65634952545165,97.65608410252221,98.53807415496532,96.77295397107072
2025-05-13 11:18:16,98.53807415496532,99.46906104326938,97.71727223752691,99.17397069267811,76.98285544077542
2025-05-13 11:19:16,99.17397069267811,100.10010133688374,98.99946684055175,99.93876140330408,78.90287156818309
2025-05-13 11:20:16,99.93876140330408,100.0599009772667,99.11927333436452,99.34425336288389,35.9505142204899
2025-05-13 11:21:16,99.34425336288389,100.26326609806131,98.56940829608668,99.51364123652846,14.483303384699035
2025-05-13 11:22:16,99.51364123652846,100.3278741889894,98.89727777594584,99.66590940056095,21.9056439222449
2025-05-13 11:23:16,99.66590940056095,100.34727989353308,99.4632409216979,100.26575774094442,29.455022321619687
2025-05-13 11:24:16,100.26575774094442,100.27622906409411,100.21898788000944,100.22215819698874,59.18470607663412
2025-05-13 11:25:16,100.22215819698874,101.09774719597807,99.71132085899858,100.38583841307994,90.5010606023331
2025-05-13 11:26:16,100.38583841307994,101.05350875597145,100.104564368735,100.81585603951729,74.12096059051832
2025-05-13 11:27:16,100.81585603951729,100.96023064161,100.44254062987983,100.53519818969103,49.78140551142654
2025-05-13 11:28:16,100.53519818969103,100.69026858079476,100.35373052801513,100.3681887322737,79.1725541315253
2025-05-13 11:29:16,100.3681887322737,101.11215797927332,99.44718697976356,100.06642701438786,72.22529195000321
2025-05-13 11:30:16,100.06642701438786,100.61217831224855,99.32069918426066,100.1626704231665,36.41302105147449
2025-05-13 11:31:16,100.1626704231665,100.43330762313589,100.06511753996027,100.28693984350875,14.681562724016963
2025-05-13 11:32:16,100.28693984350875,100.54229709821314,99.82935283695487,99.9660935614025,31.893074974108114
2025-05-13 11:33:16,99.9660935614025,100.4348846238016,99.10382927315516,99.90301811149094,63.65170301444147
2025-05-13 11:34:16,99.90301811149094,100.81550316897824,99.45068461334105,99.80951909871618,64.31798331135548
2025-05-13 11:35:16,99.80951909871618,100.54361551083228,99.45070899271461,99.70764893964419,86.36922033475804
2025-05-13 11:36:16,99.70764893964419,100.03278432057168,99.00582049991823,99.5392233097014,67.44640447092081
2025-05-13 11:37:16,99.5392233097014,100.0902921323522,99.42566536926233,100.0880438053276,77.94290034350863
2025-05-13 11:38:16,100.0880438053276,100.75722620439096,99.91881443171502,100.16241798589014,71.77864165636258
2025-05-13 11:39:16,100.16241798589014,100.52489636937453,99.58699913345131,100.08247513710887,83.33161117546524
2025-05-13 11:40:16,100.08247513710887,100.49127486794488,99.86373898269491,100.11136399930763,63.794156262641344
2025-05-13 11:41:16,100.11136399930763,100.59579493626437,99.75152472109372,99.7962689733383,30.147656665163208
2025-05-13 11:42:16,99.7962689733383,100.11634512462388,99.38228860962936,99.92495951229279,66.39131616661909
2025-05-13 11:43:16,99.92495951229279,100.1832803965957,99.13423617878736,99.53717203942907,91.45558384827694
2025-05-13 11:44:16,99.53717203942907,100.27955226459385,99.3781560680422,100.26903016408228,83.6161020233689
2025-05-13 11:45:16,100.26903016408228,100.6804017893353,99.9721813212761,100.14973035216882,92.75306593333727
2025-05-13 11:46:16,100.14973035216882,100.58878749856487,100.01519726801301,100.32000686695764,16.878272128006735
2025-05-13 11:47:16,100.32000686695764,100.34136249826317,99.3800159228444,99.51180037900524,14.039607372639784
2025-05-13 11:48:16,99.51180037900524,99.79987548524181,99.27034941077207,99.51956401752106,15.283915029212459
2025-05-13 11:49:16,99.51956401752106,99.74152212752372,99.09551612244069,99.1612066699261,80.68807668524664
2025-05-13 11:50:16,99.1612066699261,99.7202844914126,98.57167635263586,99.5302663896989,85.37426100899141
2025-05-13 11:51:16,99.5302663896989,100.23232070005754,98.99365633099737,99.45749800396588,40.21612865581799
2025-05-13 11:52:16,99.45749800396588,99.61063154490346,98.58132543019045,98.64867853606162,19.776591252236514
2025-05-13 11:53:16,98.64867853606162,98.954176328905,97.94665976250276,98.17892742975494,63.79324146850924
2025-05-13 11:54:16,98.17892742975494,98.65630572015698,97.6495632324302,98.64629946624709,93.02746182400111
2025-05-13 11:55:16,98.64629946624709,98.80644431655968,97.68037322349,98.54896526634968,19.59115124799779
2025-05-13 11:56:16,98.54896526634968,99.04703727094511,98.23822628356619,98.61277773975203,46.2406244672905
2025-05-13 11:57:16,98.61277773975203,99.51053076622685,98.21681366421888,99.35206837518417,91.68361843346726
2025-05-13 11:58:16,99.35206837518417,100.32015024887058,98.6851087284758,100.1579856992684,54.71323709803926
2025-05-13 11:59:16,100.1579856992684,100.95631191414594,99.17161437749958,99.88241920003327,96.68545418110408
2025-05-13 12:00:16,99.88241920003327,100.29656788196458,99.85636952063244,99.92032177983566,74.73422796532633
2025-05-13 12:01:16,99.92032177983566,100.85729978710513,99.88848005165259,100.05534069448952,66.64752631922246
2025-05-13 12:02:16,100.05534069448952,100.06672951836606,99.75241142361577,99.91354400281472,36.38995679474104
2025-05-13 12:03:16,99.91354400281472,100.09371021180557,99.5786953676785,100.07389877619693,67.89215727437053
2025-05-13 12:04:16,100.07389877619693,100.2089200585322,99.55480138581936,100.02896334026171,64.53634274013345
2025-05-13 12:05:16,100.02896334026171,100.39782045968445,99.39652135821252,100.24929126361836,50.6595078363759
2025-05-13 12:06:16,100.24929126361836,100.36836527958879,99.90967099620458,100.22658218111775,84.95000135034327
2025-05-13 12:07:16,100.22658218111775,101.04905646138818,99.46417954448623,99.72186678481111,26.35142477478456
2025-05-13 12:08:16,99.72186678481111,100.5973812224319,99.5845206059492,100.29726973091516,78.58748158150905
2025-05-13 12:09:16,100.29726973091516,100.33498512696973,99.84488105528263,99.87077587036147,43.500912728322426
2025-05-13 12:10:16,99.87077587036147,100.8406939128485,99.13815100167274,100.51267540378073,53.24309934246381
2025-05-13 12:11:16,100.51267540378073,101.28059663807612,99.97542965073556,100.4470360604718,31.83175239702327
2025-05-13 12:12:16,100.4470360604718,101.19919189102487,100.03759210243624,100.6828170978491,37.393761458004235
2025-05-13 12:13:16,100.6828170978491,101.30864115660978,99.92396139839893,101.03280488755712,95.65752768296724
2025-05-13 12:14:16,101.03280488755712,101.35256668410312,100.47021041821242,100.8655347979563,73.08759888938877
2025-05-13 12:15:16,100.8655347979563,101.33215763670951,100.71457197565204,100.97178920078753,54.62047716968154
2025-05-13 12:16:16,100.97178920078753,101.01983704150274,100.35295525017831,100.55624849494427,56.55258806585493
2025-05-13 12:17:16,100.55624849494427,100.84450082475234,99.6176701879052,100.29563530675797,76.86241717935594
2025-05-13 12:18:16,100.29563530675797,100.4821078169382,100.03247723381018,100.1831827564483,83.47512992152771
2025-05-13 12:19:16,100.1831827564483,100.83227001798751,99.93100344400032,100.66536027110239,81.69116672826834
2025-05-13 12:20:16,100.66536027110239,101.05348041872264,100.17128487565932,100.86255740392157,76.68372508015943
2025-05-13 12:21:16,100.86255740392157,101.21915365668531,100.49513896132223,101.18246505734238,78.1934734988073
2025-05-13 12:22:16,101.18246505734238,101.49658086662708,100.51265791679756,100.82018769587965,94.97834067083527
2025-05-13 12:23:16,100.82018769587965,101.73020007784307,100.2577635923262,101.68642221174854,43.214648619525065
2025-05-13 12:24:16,101.68642221174854,101.92002333447459,101.3561316940382,101.43496829566335,99.01176672277438
2025-05-13 12:25:16,101.43496829566335,102.0937780228053,101.38244881362843,101.68938396828997,58.23783457232733
2025-05-13 12:26:16,101.68938396828997,102.31913492102927,101.21867057083014,101.74250683108173,81.282658763932
2025-05-13 12:27:16,101.74250683108173,102.37434328099262,100.89499950447588,101.66096322504507,13.063983816262029
2025-05-13 12:28:16,101.66096322504507,102.57587565087886,100.78334945990791,100.96738223303996,74.59412099795738
2025-05-13 12:29:16,100.96738223303996,101.399701828571,100.66481803605583,100.89688275984966,12.252306073753637
2025-05-13 12:30:16,100.89688275984966,101.87228173055598,100.07715688988581,101.13473711766422,35.93180072980222
2025-05-13 12:31:16,101.13473711766422,101.60214271908266,100.24847026342181,101.23380202204784,11.906182948634948
2025-05-13 12:32:16,101.23380202204784,101.77377382237786,101.02340159211673,101.48023413664166,29.09101109911108
2025-05-13 12:33:16,101.48023413664166,101.85200030611425,101.41277575368666,101.82759505909785,67.56986942848755
2025-05-13 12:34:16,101.82759505909785,101.99294006888202,101.62234707167227,101.72171320657546,24.456657866987236
2025-05-13 12:35:16,101.72171320657546,102.49095720853025,101.37422736137609,101.91542720900672,80.67103255923925
2025-05-13 12:36:16,101.91542720900672,101.92849148068268,101.5173178847975,101.6787845516998,73.41009519474079
2025-05-13 12:37:16,101.6787845516998,102.52209862701628,100.80362032465118,102.51729928431226,32.180281630466794
2025-05-13 12:38:16,102.51729928431226,102.76093573279738,102.25321570051223,102.5592917400425,79.35518319119632
2025-05-13 12:39:16,102.5592917400425,103.43352064290302,101.9866476220011,102.32129960694596,54.21041127583378
2025-05-13 12:40:16,102.32129960694596,102.80395201183555,101.89431360962865,102.55853457073205,64.0292573237285
2025-05-13 12:41:16,102.55853457073205,103.37473034854055,101.68430472227496,102.12759117842828,23.18896435937352
2025-05-13 12:42:16,102.12759117842828,102.50332448935262,101.1957353039345,102.1749450803423,55.36311415825036
2025-05-13 12:43:16,102.1749450803423,102.5111163538813,101.62918543874082,102.46240050756404,24.377377290306868
2025-05-13 12:44:16,102.46240050756404,102.479167507807,101.8400667639883,102.45013006014328,24.1977086192122
2025-05-13 12:45:16,102.45013006014328,102.77958122502936,102.06582510613407,102.19766569704203,85.97014718192902
2025-05-13 12:46:16,102.19766569704203,103.19613710122883,102.15776697801732,102.25658883398233,27.491877889448226
2025-05-13 12:47:16,102.25658883398233,102.85667285906503,102.21768291799687,102.70477995851444,77.62965888026035
2025-05-13 12:48:16,102.70477995851444,103.24191656645841,102.23979558144406,102.59414012412017,16.36395687016934
2025-05-13 12:49:16,102.59414012412017,103.26057959377323,101.9998366868387,102.68602550712764,71.9433367744308
2025-05-13 12:50:16,102.68602550712764,103.55856968154903,102.39665645720872,102.62075268480979,22.227406035641962
2025-05-13 12:51:16,102.62075268480979,102.86691213580069,102.20536293618055,102.56430116145054,72.9929508597422
2025-05-13 12:52:16,102.56430116145054,102.61277895875908,101.78979319381568,102.26029631066275,10.087147596060863
2025-05-13 12:53:16,102.26029631066275,102.74661031686131,102.05534475151083,102.69343355365638,35.44447548605002
2025-05-13 12:54:16,102.69343355365638,103.35195179933159,102.0666007705589,102.12147149236723,74.21288834213085
2025-05-13 12:55:16,102.12147149236723,103.03271935849641,101.11924726305375,102.22882269318694,83.10776407574443
2025-05-13 12:56:16,102.22882269318694,102.27171872322339,101.90531451500331,101.98491967759571,85.46609043520982
2025-05-13 12:57:16,101.98491967759571,102.96502184602829,101.17907562242193,102.76090252861663,67.17921004099487
2025-05-13 12:58:16,102.76090252861663,103.06085096936214,102.66984675644187,102.89007983481123,94.39237988193227
2025-05-13 12:59:16,102.89007983481123,103.80576092823382,102.71480411128732,103.43541037050308,18.602060547241777
2025-05-13 13:00:16,103.43541037050308,104.13154424835581,102.65223171135592,102.84612277384942,78.93294707672871
2025-05-13 13:01:16,102.84612277384942,103.45577649734263,102.73360612821793,103.0533461249793,49.218997221274755
2025-05-13 13:02:16,103.0533461249793,103.3469257762763,102.72684803323159,103.18761898870311,23.546636407194256
2025-05-13 13:03:16,103.18761898870311,103.74148856604418,102.40733839888769,102.73743680986522,32.48994174820585
2025-05-13 13:04:16,102.73743680986522,103.12097463886927,102.54950628616838,102.69063903800799,64.898801328159
2025-05-13 13:05:16,102.69063903800799,103.68051930147213,101.95970878298871,103.4599596802812,54.38756733583111
2025-05-13 13:06:16,103.4599596802812,104.36450230194536,103.4002633571407,103.55168302330397,41.44393095805509
2025-05-13 13:07:16,103.55168302330397,104.35263989576397,103.0780964228421,103.62789046501105,94.26770267804716
2025-05-13 13:08:16,103.62789046501105,103.94883231106981,102.80572915174238,102.8397842215649,26.386983871740334
2025-05-13 13:09:16,102.8397842215649,103.53047936058694,102.26980589357639,102.71613629791212,52.622096327102504
2025-05-13 13:10:16,102.71613629791212,103.42425407234012,101.79595662112011,103.0087328494622,74.2815125533506
2025-05-13 13:11:16,103.0087328494622,103.2542132859812,102.39483004084036,102.81164582425073,50.18952135644096
2025-05-13 13:12:16,102.81164582425073,103.56601025595188,102.36961499950507,103.30588240398507,32.31902003626308
2025-05-13 13:13:16,103.30588240398507,103.84123234708584,102.57555918057346,102.8876728388988,69.77645394272125
2025-05-13 13:14:16,102.8876728388988,103.35599387030003,102.16300465762573,102.29853020171396,54.53077522955587
2025-05-13 13:15:16,102.29853020171396,102.8740316252957,101.94184435102551,101.98275296984696,13.162006948777984
2025-05-13 13:16:16,101.98275296984696,101.9918819187702,101.7100456177311,101.8568426575168,60.2891879546631
2025-05-13 13:17:16,101.8568426575168,102.1323574860022,100.85905463496177,102.03988304312124,36.78598242931497
2025-05-13 13:18:16,102.03988304312124,102.49563620795568,101.29174951150985,102.1607006123935,95.17298591439307
2025-05-13 13:19:16,102.1607006123935,102.59848119565487,101.728215482352,102.43169669377278,58.07277649919915
2025-05-13 13:20:16,102.43169669377278,103.05138129050816,102.15620121007059,102.4367355570016,86.95367043164035
2025-05-13 13:21:16,102.4367355570016,103.23057480874549,102.34253028360467,102.7796964499479,25.457004548233684
2025-05-13 13:22:16,102.7796964499479,103.46573543516503,102.49624957606584,103.10970779642552,58.200465997426036
2025-05-13 13:23:16,103.10970779642552,103.81321718271985,102.20867349807473,103.5398696655653,84.78124872391722
2025-05-13 13:24:16,103.5398696655653,103.56020803898404,102.57026657361013,103.4488566307535,15.87942587271504
2025-05-13 13:25:16,103.4488566307535,104.22318521531099,102.49535818573729,104.04536544305557,72.83001737003774
2025-05-13 13:26:16,104.04536544305557,104.61871220948119,103.8356248849964,104.20862824609578,52.59626881586484
2025-05-13 13:27:16,104.20862824609578,104.42443667784879,104.04853851358348,104.31397731442571,34.18841639243294
2025-05-13 13:28:16,104.31397731442571,104.38507652702414,103.73278060196934,104.36103482997783,71.81115065233016
2025-05-13 13:29:16,104.36103482997783,104.81587108423193,103.82997385450034,104.26013277168698,49.95817595240411
2025-05-13 13:30:16,104.26013277168698,105.22023483429764,103.84628205617385,105.05186473397995,65.01715096854974
2025-05-13 13:31:16,105.05186473397995,105.63230607064641,104.02803476252409,105.0533818184454,55.14812678762049
2025-05-13 13:32:16,105.0533818184454,105.51938312353937,104.61533621343482,104.76940822111366,27.877313068610945
2025-05-13 13:33:16,104.76940822111366,105.15016928694371,104.3347414003953,104.43760075087773,84.56406218711722
2025-05-13 13:34:16,104.43760075087773,104.91379226636097,104.39722083523353,104.76419341712737,36.15541371580517
2025-05-13 13:35:16,104.76419341712737,105.43694082725244,104.1800718377194,104.20282840999464,18.232341648505567
2025-05-13 13:36:16,104.20282840999464,104.85226641490132,103.88182487990517,104.27817465818227,28.660355359589566
2025-05-13 13:37:16,104.27817465818227,105.02841705100563,103.48965451502346,103.57409477100626,72.89999427467507
2025-05-13 13:38:16,103.57409477100626,103.7655073097118,102.7906555760729,103.45984977228797,11.324634539802753
2025-05-13 13:39:16,103.45984977228797,104.20106357285053,103.1714462573185,103.7864888825183,41.31514818743223
2025-05-13 13:40:16,103.7864888825183,104.17854467849399,102.95697738618016,103.92560979822088,42.54088568187275
2025-05-13 13:41:16,103.92560979822088,104.52734014256971,103.52982774677214,104.1624286001028,53.93100852312058
2025-05-13 13:42:16,104.1624286001028,104.42074087342667,103.34257990312103,104.06775508205395,48.59418230659864
2025-05-13 13:43:16,104.06775508205395,104.3219686802784,103.29127538473,104.25504752045417,28.70963345159737
2025-05-13 13:44:16,104.25504752045417,104.67873364941549,103.47599564445045,104.5468623749612,26.45212192219195
2025-05-13 13:45:16,104.5468623749612,105.03831323904721,103.6176519545081,104.97680226093871,58.48185952133339
2025-05-13 13:46:16,104.97680226093871,105.1583213722267,104.0195687528197,104.81052421550204,28.86837959379893
2025-05-13 13:47:16,104.81052421550204,104.9817333853657,104.7658924930134,104.89055379684596,81.05620707160375
2025-05-13 13:48:16,104.89055379684596,105.85322102140361,104.24232980679075,104.86050694032231,26.964897797003513
2025-05-13 13:49:16,104.86050694032231,105.14224695815916,103.88882145852476,104.68409381512129,31.684250726769857
2025-05-13 13:50:16,104.68409381512129,105.21037916219666,104.36649507474915,104.80069166618449,37.020076821484096
2025-05-13 13:51:16,104.80069166618449,105.50736833051103,104.75026769374364,104.92298145101815,17.99538891385598
2025-05-13 13:52:16,104.92298145101815,105.123961305056,104.43080618972805,104.99472439501017,49.819229659344295
2025-05-13 13:53:16,104.99472439501017,105.81030017842812,104.74408310854696,104.90334306727638,43.72722889045499
2025-05-13 13:54:16,104.90334306727638,105.33311864601204,104.18129944491575,104.82772469338178,38.41134814755458
2025-05-13 13:55:16,104.82772469338178,105.60677514908969,104.46070403700543,104.92529307150535,80.77193644487572
2025-05-13 13:56:16,104.92529307150535,105.96068718491695,104.48394780443984,105.21116852180721,22.756325189374124
2025-05-13 13:57:16,105.21116852180721,106.07869524023837,104.4900255559175,105.12278062283606,69.70830950339074
2025-05-13 13:58:16,105.12278062283606,106.13547360791144,105.0083136014432,105.36466893501068,25.904570939832215
2025-05-13 13:59:16,105.36466893501068,106.32928114885763,105.08176208402246,105.35773944760757,51.033821676157665
2025-05-13 14:00:16,105.35773944760757,106.29807110019898,104.63499176050438,105.15467158806968,72.23772615474596
2025-05-13 14:01:16,105.15467158806968,105.173164739739,104.93925357056408,105.00140636800823,61.412067224910295
2025-05-13 14:02:16,105.00140636800823,105.52991056573762,104.9133906616113,105.25500602588583,72.66114437343586
2025-05-13 14:03:16,105.25500602588583,105.87818118024666,105.01062981255083,105.65853101444847,38.14782108204122
2025-05-13 14:04:16,105.65853101444847,105.75299816203143,104.65259499409592,105.24838272379401,62.97254509025515
2025-05-13 14:05:16,105.24838272379401,105.35590569582477,104.615479755931,104.65020684234432,24.697218006652122
2025-05-13 14:06:16,104.65020684234432,104.85268277595075,103.8071062810579,104.8356972987518,29.24643970459262
2025-05-13 14:07:16,104.8356972987518,105.13575795914383,104.63574796175804,104.96042527258813,27.525836908337173
2025-05-13 14:08:16,104.96042527258813,105.15926059558936,104.35545478774573,104.87197140844802,58.352981437585655
2025-05-13 14:09:16,104.87197140844802,105.32343357597966,104.62726386776049,104.90409807422523,73.8037907669134
2025-05-13 14:10:16,104.90409807422523,105.24987264827244,103.90177628230279,104.8154629134416,77.10549945190454
2025-05-13 14:11:16,104.8154629134416,104.84950503524345,103.81647128493407,104.04356000449833,55.01772793833455
2025-05-13 14:12:16,104.04356000449833,104.73637186023117,103.1393840143573,103.38783543675505,17.57128199340113
2025-05-13 14:13:16,103.38783543675505,103.45840203165548,102.44842484763029,102.89110887094425,96.0634162586124
2025-05-13 14:14:16,102.89110887094425,103.66111657955389,102.06296032677695,103.45000696664798,67.2589713581308
2025-05-13 14:15:16,103.45000696664798,103.9729036769625,102.54963888556794,103.80083247116346,81.67887059570022
2025-05-13 14:16:16,103.80083247116346,104.16833743475996,102.77797923151773,102.79162793684695,50.45333070101285
2025-05-13 14:17:16,102.79162793684695,103.17683528035266,102.1438350621348,102.9548573203774,50.57605180044813
2025-05-13 14:18:16,102.9548573203774,103.94008164302909,102.4532507160319,102.52251631271761,69.86904643869093
2025-05-13 14:19:16,102.52251631271761,102.68773944215448,102.15962469966533,102.66497492990142,65.26638169940215
2025-05-13 14:20:16,102.66497492990142,102.910218451088,102.33383609233563,102.63568907126535,18.06949118377993
2025-05-13 14:21:16,102.63568907126535,103.27875131584636,102.6273730868019,102.88794225590695,42.58505507709207
2025-05-13 14:22:16,102.88794225590695,103.47720297606777,101.97959764250007,102.47447168357789,23.863069200594495
2025-05-13 14:23:16,102.47447168357789,102.75776317666585,102.0228769168649,102.73703999530014,96.670618166293
2025-05-13 14:24:16,102.73703999530014,103.72792461990834,102.0217468680375,103.05137151761814,89.95668609817398
2025-05-13 14:25:16,103.05137151761814,103.6543974658073,102.29147357607123,103.09806375010534,62.006297815810136
2025-05-13 14:26:16,103.09806375010534,103.74799530901439,102.1431755029188,103.49260751216165,46.8796634274566
2025-05-13 14:27:16,103.49260751216165,103.67359088142571,103.33334632539874,103.41733935735414,64.2893939034961
2025-05-13 14:28:16,103.41733935735414,104.00966348885407,103.10556026143232,103.22497410597798,69.79918871038086
2025-05-13 14:29:16,103.22497410597798,104.17217039010144,102.19777245297627,102.90553997109735,23.409011127544552
2025-05-13 14:30:16,102.90553997109735,103.4961062914932,102.26483612799741,102.89633435329797,46.488195637461985
2025-05-13 14:31:16,102.89633435329797,103.6697235918315,102.35846482563568,103.62737541091406,22.30861938480515
2025-05-13 14:32:16,103.62737541091406,104.3129004866475,102.81790411165913,103.53358375940266,83.5374789473462
2025-05-13 14:33:16,103.53358375940266,104.1089420105678,102.85280518186669,104.10157113268644,18.868973106805658
2025-05-13 14:34:16,104.10157113268644,104.62471159781497,103.87087759707514,104.02322657970029,84.68625947658181
2025-05-13 14:35:16,104.02322657970029,105.04328877157062,103.88272328483994,104.98873557155568,88.911428504491
2025-05-13 14:36:16,104.98873557155568,105.87350559828329,104.51346404717974,105.04997982855846,94.77788320600673
2025-05-13 14:37:16,105.04997982855846,105.66832515881721,104.20800149778809,104.63062923149752,42.27157413250065
2025-05-13 14:38:16,104.63062923149752,105.59182782313718,104.39714034978462,104.70696751610133,60.71124926576693
2025-05-13 14:39:16,104.70696751610133,105.55104757230856,104.27560391050852,104.48587462043696,47.43098424320864
2025-05-13 14:40:16,104.48587462043696,104.83481269552193,104.19281461490284,104.5434162702201,17.011626947034415
2025-05-13 14:41:16,104.5434162702201,104.62423188395505,103.50107591811964,104.10099135631333,53.81034784865835
2025-05-13 14:42:16,104.10099135631333,104.23339560607707,103.6114469624611,104.12216183354391,77.83576990076281
2025-05-13 14:43:16,104.12216183354391,104.13638846024554,103.97406331987683,104.00435185004007,58.65968553336988
2025-05-13 14:44:16,104.00435185004007,104.87938688050038,103.59127508570836,104.33986984354509,11.557561805170643
2025-05-13 14:45:16,104.33986984354509,104.49095228787918,103.7813047590015,104.26696976299567,64.812884506915
2025-05-13 14:46:16,104.26696976299567,104.70606409362493,104.26671547384987,104.27754641563101,68.30840992171561
2025-05-13 14:47:16,104.27754641563101,104.76023023075531,104.23665116840222,104.6838637298318,30.003795192898956
2025-05-13 14:48:16,104.6838637298318,104.98292901763267,103.91649870137367,103.97430165905342,17.389145929222842
2025-05-13 14:49:16,103.97430165905342,104.37148058281552,103.9031583451612,104.13748516751846,35.17238439028718
2025-05-13 14:50:16,104.13748516751846,104.41170100831748,103.3278885636053,103.9672947023298,65.89567582902981
2025-05-13 14:51:16,103.9672947023298,104.87136790638908,103.54313283009762,103.72037344269805,73.75469123640207
2025-05-13 14:52:16,103.72037344269805,104.21892980362983,102.87295521778529,104.1337069960846,99.33209204268275
2025-05-13 14:53:16,104.1337069960846,104.50213832614659,103.65877304372361,103.88753366068805,76.09241668089669
2025-05-13 14:54:16,103.88753366068805,103.97602733859853,103.59482016348748,103.60267615407739,62.30434349023014
2025-05-13 14:55:16,103.60267615407739,103.61659688742408,103.24321093901766,103.32797684623418,33.63080211717002
2025-05-13 14:56:16,103.32797684623418,103.56762865572261,103.01354255003017,103.22389162558876,24.462978361425414
2025-05-13 14:57:16,103.22389162558876,104.03981919201941,103.11296118456195,103.12705081059177,81.36098077079535
2025-05-13 14:58:16,103.12705081059177,103.45592413418629,102.85196510505192,103.10582225146818,74.42626145463952
2025-05-13 14:59:16,103.10582225146818,103.69473705412233,102.19367799317504,102.77314813653064,11.459808928133574
2025-05-13 15:00:16,102.77314813653064,103.00805949865348,102.67093436677409,102.71907480617624,44.97958175148665
2025-05-13 15:01:16,102.71907480617624,103.29096747737567,102.6752505533059,102.89917724186748,97.20190419518512
2025-05-13 15:02:16,102.89917724186748,103.37336808612802,102.27426618593802,102.71414248346265,54.91100138745747
2025-05-13 15:03:16,102.71414248346265,103.70722702080174,102.09548655760145,103.11201533673338,54.93578736261564
2025-05-13 15:04:16,103.11201533673338,103.95069538487037,102.36663274142687,102.40238127362935,59.73095697985675
2025-05-13 15:05:16,102.40238127362935,102.79800490259882,102.33958634081998,102.67022603278404,13.477060086618149
2025-05-13 15:06:16,102.67022603278404,102.78396151605375,101.64476054315993,102.01901441874696,87.45320546896157
2025-05-13 15:07:16,102.01901441874696,102.45016702306695,101.40592251140407,101.68155957213268,25.950268849778354
2025-05-13 15:08:16,101.68155957213268,102.16904545308466,101.19386981886046,101.76854757561286,29.648503471233695
2025-05-13 15:09:16,101.76854757561286,102.57889054047257,101.17024663292989,101.48338433369888,95.00342029920968
2025-05-13 15:10:16,101.48338433369888,102.15942151780727,100.98182354985474,101.4052793493248,44.71787177424309
2025-05-13 15:11:16,101.4052793493248,101.651054985636,100.75910507490816,100.77867415294388,50.70647321751457
2025-05-13 15:12:16,100.77867415294388,101.21443454991676,100.46800281752803,100.49333600868141,98.64144164409922
2025-05-13 15:13:16,100.49333600868141,100.61760523666415,99.65448797183645,100.28392229940663,15.005261936320448
2025-05-13 15:14:16,100.28392229940663,100.31454946335407,99.64379553570531,100.23465636500522,66.85080131708332
2025-05-13 15:15:16,100.23465636500522,100.91095240987698,99.86288119637295,100.75578719668101,38.61119743064616
2025-05-13 15:16:16,100.75578719668101,100.9960308865966,100.00169158140886,100.75729658359865,21.591136755930854
2025-05-13 15:17:16,100.75729658359865,101.12189741215671,99.79352738648818,100.2628822938464,67.18209182581397
2025-05-13 15:18:16,100.2628822938464,100.51511368385623,99.72081656880599,99.98021746722657,40.57628365441688
2025-05-13 15:19:16,99.98021746722657,100.93081542758406,99.03932708757233,100.21623074777216,89.21010551955202
2025-05-13 15:20:16,100.21623074777216,100.67167885858368,99.72742410883158,99.8721288362585,65.31061299471304
2025-05-13 15:21:16,99.8721288362585,100.59903195096278,99.66975372073895,99.68585106007686,98.29246813917332
2025-05-13 15:22:16,99.68585106007686,100.46056258296346,99.45527478490062,100.18429899533731,95.00430730238416
2025-05-13 15:23:16,100.18429899533731,100.50428837905604,99.60545989535117,99.76266813107863,12.529635342650142
2025-05-13 15:24:16,99.76266813107863,100.25482384072394,99.7385620070911,100.07862530994105,50.84608007400655
2025-05-13 15:25:16,100.07862530994105,100.62792635827854,99.39757677473169,100.30492275106326,60.747001884434596
2025-05-13 15:26:16,100.30492275106326,101.19879533884257,99.56114432757624,100.2380110394246,92.15233249278361
2025-05-13 15:27:16,100.2380110394246,100.7055901725666,99.81044030684966,100.67265627896876,90.92121530589553
2025-05-13 15:28:16,100.67265627896876,101.58616616254471,100.50143996942715,101.25514213429275,96.61460498612979
2025-05-13 15:29:16,101.25514213429275,102.11571207581507,100.64158403085356,102.02380105745026,11.108631682408385
2025-05-13 15:30:16,102.02380105745026,102.756173589161,101.8070589579624,102.29718647280923,34.14930958726717
2025-05-13 15:31:16,102.29718647280923,102.3234891702456,102.22395341276783,102.29325504164906,44.79727864472312
2025-05-13 15:32:16,102.29325504164906,103.30324887713104,102.1194780946125,102.86310352255867,67.1813066411684
2025-05-13 15:33:16,102.86310352255867,102.99832145216581,102.08591378097812,102.77594381808595,97.57111993544412
2025-05-13 15:34:16,102.77594381808595,103.28934342940921,101.8654581546318,103.22755064494184,53.79677276646618
2025-05-13 15:35:16,103.22755064494184,103.34787324451553,102.34475412996674,102.93348680715634,50.76262897822286
2025-05-13 15:36:16,102.93348680715634,103.7386380769231,102.55881908645313,103.44356809612421,93.55166613533946
2025-05-13 15:37:16,103.44356809612421,103.85229788751496,102.53063177831883,103.1464870253542,29.442376837754473
2025-05-13 15:38:16,103.1464870253542,103.29833577966224,102.86551735455667,103.25555336322365,83.93572074185327
2025-05-13 15:39:16,103.25555336322365,103.82188561417875,102.56187944326659,103.55421738936441,10.99498825160114
2025-05-13 15:40:16,103.55421738936441,103.92194111094699,103.10846505209304,103.30285188360683,19.904774117404603
2025-05-13 15:41:16,103.30285188360683,103.86688504212857,102.78127175949177,103.52401723043587,28.35845769935624
2025-05-13 15:42:16,103.52401723043587,104.49419619285777,102.65421134650502,104.18852438856328,29.37867414621686
2025-05-13 15:43:16,104.18852438856328,104.50107953507167,103.53196327592791,104.00087452640744,16.144328717520406
2025-05-13 15:44:16,104.00087452640744,104.05125584945475,103.36235415168426,104.03105283404832,95.97174365593915
2025-05-13 15:45:16,104.03105283404832,105.05784369151566,103.38943443200449,103.59654259312141,68.33944424096515
2025-05-13 15:46:16,103.59654259312141,103.71811286394406,103.20292904034332,103.6783188199507,72.52528182978988
2025-05-13 15:47:16,103.6783188199507,104.64249636096763,103.21665227478374,103.23306351375518,72.0407624748316
2025-05-13 15:48:16,103.23306351375518,103.87438694150369,102.58582890951145,103.23230005296907,61.80006374974964
2025-05-13 15:49:16,103.23230005296907,103.73942013386394,102.7188740524737,103.59509317299737,25.03590492023642
2025-05-13 15:50:16,103.59509317299737,103.85543300735192,103.00995000968432,103.14383586651371,87.59660039219668
2025-05-13 15:51:16,103.14383586651371,104.05072710163405,102.77468796338272,103.1828314524406,89.25958377358018
2025-05-13 15:52:16,103.1828314524406,104.06780303515646,102.30482873181657,103.65359941325752,83.87643084444161
2025-05-13 15:53:16,103.65359941325752,104.24681423843577,102.72602288869632,102.86614656418683,15.836747290043329
2025-05-13 15:54:16,102.86614656418683,103.25201254791776,102.76262392877636,102.83591780203815,79.99604498242002
2025-05-13 15:55:16,102.83591780203815,103.02185729938684,102.31264399298729,102.38283422870501,98.17369798184
2025-05-13 15:56:16,102.38283422870501,103.22449471714172,101.81587374153625,102.40931698159683,42.27675406789531
2025-05-13 15:57:16,102.40931698159683,102.50610372053447,102.16805899010743,102.41382516805379,21.963861788512705
2025-05-13 15:58:16,102.41382516805379,102.73828913708743,101.71562693816158,102.02085862352574,19.266629616751807
2025-05-13 15:59:16,102.02085862352574,102.48714106927459,101.06055878461244,101.25017885556028,69.3547125203159
2025-05-13 16:00:16,101.25017885556028,102.20224041384478,100.4803334116749,100.53479195891892,39.54144243332494
2025-05-13 16:01:16,100.53479195891892,100.71048072807385,99.75233979241949,100.32981369097062,32.687790360760964
2025-05-13 16:02:16,100.32981369097062,100.53653655578859,99.965946675944,100.45031509985643,32.79958415480125
2025-05-13 16:03:16,100.45031509985643,101.3364048062864,99.55907450320116,100.91249727074589,28.606017232525208
2025-05-13 16:04:16,100.91249727074589,101.81097932165949,100.59978407858085,101.76415507585067,29.147791403865586
2025-05-13 16:05:16,101.76415507585067,102.21315264133257,101.70659073849735,101.72623095954278,25.8811418855395
2025-05-13 16:06:16,101.72623095954278,101.8061874897953,100.93438592280468,101.6505602877568,72.17530329022385
2025-05-13 16:07:16,101.6505602877568,101.93021432782936,100.71016652128066,101.20878437347518,19.262233173449346
2025-05-13 16:08:16,101.20878437347518,102.17973484106412,100.20065304054259,101.32792138949942,61.34373367103932
2025-05-13 16:09:16,101.32792138949942,101.47059767018864,100.84945918556171,101.24604297796238,67.39732865131688
2025-05-13 16:10:16,101.24604297796238,101.28367066568943,100.32645774411267,100.92952337018568,70.36099783209106
2025-05-13 16:11:16,100.92952337018568,101.3646367869204,100.23055492276038,100.34362273556111,68.71820340266603
2025-05-13 16:12:16,100.34362273556111,101.25013550967593,100.25449326130064,101.20633499146602,52.83828219658922
2025-05-13 16:13:16,101.20633499146602,102.18599046247549,100.49223444166557,101.64921748179128,88.80181386191377
2025-05-13 16:14:16,101.64921748179128,102.23174578453732,101.30780545816214,101.63648030830531,70.96653898892372
2025-05-13 16:15:16,101.63648030830531,101.78367077868359,101.40361959306543,101.59455696780532,59.35605176412791
2025-05-13 16:16:16,101.59455696780532,101.61454963267374,101.28596386950461,101.3042221069052,73.00999608897351
2025-05-13 16:17:16,101.3042221069052,101.35623471595218,100.86261467626613,100.93243203246017,57.00192313245136
2025-05-13 16:18:16,100.93243203246017,101.26016496987643,100.81393986518522,101.15406836101049,94.15324907633882
2025-05-13 16:19:16,101.15406836101049,101.17854669676741,101.02541332904032,101.06320460494578,69.55628648586455
2025-05-13 16:20:16,101.06320460494578,101.73940482123649,100.74486572073917,101.57194249959261,49.193180502264184
2025-05-13 16:21:16,101.57194249959261,101.81461722998212,101.46731616263035,101.79720271584897,23.540132449044766
2025-05-13 16:22:16,101.79720271584897,102.23719261384738,101.27924977135307,102.23109202537884,57.10744525391779
2025-05-13 16:23:16,102.23109202537884,102.86491891034684,101.76044694867267,102.64028144891616,37.7918596204357
2025-05-13 16:24:16,102.64028144891616,103.39100954610682,101.84436938899816,102.66287386553985,66.6415280060362
2025-05-13 16:25:16,102.66287386553985,102.6660886583395,102.28267298857261,102.51144150000268,15.050434772497955
2025-05-13 16:26:16,102.51144150000268,103.05212044107644,101.76176015522653,102.01329649405172,66.77651454666184
2025-05-13 16:27:16,102.01329649405172,102.74275454484776,101.06290505212856,102.50938459553659,29.119114061167924
2025-05-13 16:28:16,102.50938459553659,102.56676727591736,102.05442174326929,102.55052578726566,66.36120102934458
2025-05-13 16:29:16,102.55052578726566,103.5207354532892,102.01907565533105,102.58214913492209,38.81388901186726
2025-05-13 16:30:16,102.58214913492209,103.28053746997347,102.23455055636795,102.53009152015916,25.848850395301504
2025-05-13 16:31:16,102.53009152015916,102.53234088247402,101.97423640583621,102.24586018166137,76.15841943453216
2025-05-13 16:32:16,102.24586018166137,102.35817797914467,102.11283621947479,102.27280172887178,98.8890377969071
2025-05-13 16:33:16,102.27280172887178,102.9944351268493,101.82933551067171,102.99315941141514,20.064133388718965
2025-05-13 16:34:16,102.99315941141514,103.73155460059542,102.72292834993475,103.11534954185778,19.061563578921778
2025-05-13 16:35:16,103.11534954185778,103.23778121078246,102.79480538435296,102.82349552103514,38.25739476758608
2025-05-13 16:36:16,102.82349552103514,102.87992280555453,102.51237452897693,102.78759638843461,64.995520455449
2025-05-13 16:37:16,102.78759638843461,103.20315202352914,101.99627907542514,102.68146250490209,13.520895013508774
2025-05-13 16:38:16,102.68146250490209,103.52753072832199,102.1590587835552,103.12337494471561,19.58171829696216
2025-05-13 16:39:16,103.12337494471561,103.76134623368249,102.27793052484526,102.55569100859876,77.58081351544679
2025-05-13 16:40:16,102.55569100859876,103.09874709166385,101.57398386862621,102.19114330512366,78.15157339351381
2025-05-13 16:41:16,102.19114330512366,103.0248944268067,102.0280934148291,102.42993148050624,67.97274380133607
2025-05-13 16:42:16,102.42993148050624,103.37335226824537,102.31846471745821,102.68066716204493,57.96075239837803
2025-05-13 16:43:16,102.68066716204493,102.87039057402768,101.87832887131937,102.504717028724,55.12777756054737
2025-05-13 16:44:16,102.504717028724,102.83989841253212,102.16285700225342,102.77340191934228,55.8553643698962
2025-05-13 16:45:16,102.77340191934228,102.98646171934058,102.67240392689077,102.85916114179692,42.52036543047043
2025-05-13 16:46:16,102.85916114179692,102.87811785434882,102.34948654142165,102.50793388206387,77.03809140974934
2025-05-13 16:47:16,102.50793388206387,103.37922889167544,101.54424458535348,102.22924215516038,48.696516735724295
2025-05-13 16:48:16,102.22924215516038,102.79617662545702,101.27921151037408,101.53951118308038,38.5217080745453
2025-05-13 16:49:16,101.53951118308038,102.02543423979193,100.60602562818237,101.66659124981364,69.90411973668682
2025-05-13 16:50:16,101.66659124981364,101.84140038752727,101.17355282736168,101.57325634435617,78.81871932194842
2025-05-13 16:51:16,101.57325634435617,101.74201742358522,101.14891874323729,101.26577258688454,98.81780944199842
2025-05-13 16:52:16,101.26577258688454,101.65288476654416,100.34729857611559,100.37813242155661,65.52292109241193
2025-05-13 16:53:16,100.37813242155661,100.62855855871423,100.02967930163034,100.42284686700637,81.33978027822414
2025-05-13 16:54:16,100.42284686700637,100.66878800144913,99.49569129075086,100.40978790441915,28.335841120721774
2025-05-13 16:55:16,100.40978790441915,100.46374334465885,100.29175273579163,100.46246661205198,32.06565201440712
2025-05-13 16:56:16,100.46246661205198,100.97540627116477,100.41842283111448,100.67189941993733,89.16434051117133
2025-05-13 16:57:16,100.67189941993733,100.70854102944189,100.46762639998872,100.52906098663586,64.47361527444957
2025-05-13 16:58:16,100.52906098663586,101.38001417498037,100.49599356649098,101.17238306379419,16.709247533385376
2025-05-13 16:59:16,101.17238306379419,101.79393916171469,100.33070380899892,100.86867824113406,27.75695565355212
2025-05-13 17:00:16,100.86867824113406,101.8249173729125,100.74833723308981,100.81373184115483,84.5406752136928
2025-05-13 17:01:16,100.81373184115483,101.35296215622307,100.21866050618615,100.80824484753819,60.72791339093115
2025-05-13 17:02:16,100.80824484753819,101.68301444025869,100.32173357889485,100.3378187815132,49.993297823057475
2025-05-13 17:03:16,100.3378187815132,101.11818491967554,99.55949807721659,101.08474838590337,72.53801801428396
2025-05-13 17:04:16,101.08474838590337,101.73726668666836,100.09548399331959,101.24970376804207,72.50186395848615
2025-05-13 17:05:16,101.24970376804207,102.07708114459795,100.37068807968335,100.68402664429948,22.84276013875432
2025-05-13 17:06:16,100.68402664429948,101.2913366308915,100.20560390735056,100.89418620497536,46.664261840233124
2025-05-13 17:07:16,100.89418620497536,101.55779500649369,100.56469631902364,101.35754475647173,79.99650373531144
2025-05-13 17:08:16,101.35754475647173,102.22104712204661,100.4164531153564,100.78493135002516,37.445010080689954
2025-05-13 17:09:16,100.78493135002516,101.75544821018447,99.86486472513775,101.50422164581101,16.071303496210287
2025-05-13 17:10:16,101.50422164581101,102.01861135101242,100.92289109521894,101.49923859915951,90.30486401181678
2025-05-13 17:11:16,101.49923859915951,101.5707979188987,101.26764347391388,101.5588104723981,59.87796437384285
2025-05-13 17:12:16,101.5588104723981,101.59493468958695,100.59463602853917,100.93932142384024,27.896161917679137
2025-05-13 17:13:16,100.93932142384024,101.50177579388034,100.81418043792361,101.15508889756761,95.16694147494864
2025-05-13 17:14:16,101.15508889756761,101.9727621441401,100.49726029396047,100.54504905862701,88.36057385977433
2025-05-13 17:15:16,100.54504905862701,101.32723099930976,100.31358241602787,101.08309206582041,26.304032899179738
2025-05-13 17:16:16,101.08309206582041,101.42918235793826,100.18152298922712,100.44872003653995,76.72456814358047
2025-05-13 17:17:16,100.44872003653995,100.99227443257286,99.51160757568624,100.86880357438785,82.49933578872997
2025-05-13 17:18:16,100.86880357438785,101.18822054711049,100.41054995674794,101.18120196037832,62.53830083419532
2025-05-13 17:19:16,101.18120196037832,101.27088425837663,100.38613915529724,100.51223505926441,35.44198045621097
2025-05-13 17:20:16,100.51223505926441,100.92391827760889,100.51031075489428,100.66348860968526,14.44505319226191
2025-05-13 17:21:16,100.66348860968526,101.51805014322716,100.17746702327692,101.15115663826676,74.86596305644275
2025-05-13 17:22:16,101.15115663826676,102.11327049309527,101.12178889160005,101.54506546323044,26.91051848789191
2025-05-13 17:23:16,101.54506546323044,101.71986132049585,100.99176436253153,101.40460095817727,17.84121317131417
2025-05-13 17:24:16,101.40460095817727,101.50067462097296,101.16494684054693,101.45821173956455,97.7204784587646
2025-05-13 17:25:16,101.45821173956455,102.03376576778673,101.26956663235043,101.37361810188956,47.41872626396877
2025-05-13 17:26:16,101.37361810188956,101.73789079792391,100.61275815024177,101.6744741842424,42.67166348831894
2025-05-13 17:27:16,101.6744741842424,101.93528618233272,100.76993816599204,101.68571570447264,78.2448989019628
2025-05-13 17:28:16,101.68571570447264,102.46159404262637,100.95324988995918,102.05916542621833,28.947268779752
2025-05-13 17:29:16,102.05916542621833,102.32258991117102,101.33633002424443,102.00816929380127,93.27477387163322
2025-05-13 17:30:16,102.00816929380127,102.12577180999975,101.1537319594086,102.02123440447107,78.69174076735642
2025-05-13 17:31:16,102.02123440447107,102.774931585465,101.8132697553242,102.59693559015705,86.35982053071882
2025-05-13 17:32:16,102.59693559015705,103.13599760266602,102.09047687383163,102.88320692663233,26.14483133357275
2025-05-13 17:33:16,102.88320692663233,103.16269228652884,102.52269218089543,102.64422681139568,22.463862107855277
2025-05-13 17:34:16,102.64422681139568,102.97297601450487,102.05724758529132,102.64615766435652,18.218097430701437
2025-05-13 17:35:16,102.64615766435652,102.66824544749845,102.2579689106741,102.48223440911902,23.178797160942597
2025-05-13 17:36:16,102.48223440911902,102.77691960645093,102.25891232138467,102.34109705195145,28.86588003143441
2025-05-13 17:37:16,102.34109705195145,103.13466698928887,101.99141594952165,102.77563725937343,84.79950567432388
2025-05-13 17:38:16,102.77563725937343,102.9980413351602,102.56481932259692,102.66347577976944,46.63796257596378
2025-05-13 17:39:16,102.66347577976944,102.80647448600628,101.78548436290805,102.49988072758545,23.604141319412186
2025-05-13 17:40:16,102.49988072758545,102.71172289438752,101.71106801645436,102.04752368417532,96.74847947409391
2025-05-13 17:41:16,102.04752368417532,102.26635466022134,101.80405482084274,102.04447306768203,99.97265510224354
2025-05-13 17:42:16,102.04447306768203,102.3323082620715,101.93011413286628,102.08082326372232,87.47468246437188
2025-05-13 17:43:16,102.08082326372232,102.09599504480194,101.09272280771506,101.20481184395038,12.283004723204495
2025-05-13 17:44:16,101.20481184395038,101.72704781468946,101.15856909026633,101.5976591142679,97.60819756077211
2025-05-13 17:45:16,101.5976591142679,101.74284512987052,101.43514336808697,101.59483314758025,34.7036047692314
2025-05-13 17:46:16,101.59483314758025,102.068840077354,100.89508668002257,101.542493360872,60.72144324432893
2025-05-13 17:47:16,101.542493360872,101.63737403986809,100.83875983251544,101.58021767615641,66.66642408527323
2025-05-13 17:48:16,101.58021767615641,101.6416323667866,101.00787609622192,101.24055579459687,33.62158251664093
2025-05-13 17:49:16,101.24055579459687,101.52710468707544,100.93837409412349,101.34003274900483,98.0075295640619
2025-05-13 17:50:16,101.34003274900483,102.28435853379854,101.30847089528486,101.81751963296948,42.790544531203615
2025-05-13 17:51:16,101.81751963296948,102.37626075150506,101.16595734964488,101.67518508133237,45.692478798420034
2025-05-13 17:52:16,101.67518508133237,102.45243211592944,101.2789396185522,101.71372107679197,61.05400890601796
2025-05-13 17:53:16,101.71372107679197,101.7501947771672,101.5169725591259,101.56432773729397,60.67826039416904
2025-05-13 17:54:16,101.56432773729397,101.64145904941468,100.60564132734449,101.00884167457048,57.13535086814003
2025-05-13 17:55:16,101.00884167457048,102.00093325235612,100.04819148486874,101.79920028176713,84.79863404853224
2025-05-13 17:56:16,101.79920028176713,102.66792519603776,101.06099919850466,101.10351892887668,48.30701331200114
2025-05-13 17:57:16,101.10351892887668,101.43883644679143,100.80823709531575,101.21363633248207,17.770721609986488
2025-05-13 17:58:16,101.21363633248207,101.53148916585339,100.43012288900945,101.41955544806038,80.11620119845817
2025-05-13 17:59:16,101.41955544806038,102.35848254036254,100.94391571771752,102.26354327133333,32.763912339646595
2025-05-13 18:00:16,102.26354327133333,102.61395139237595,101.8831914439668,102.2874681267622,40.278722148477826
2025-05-13 18:01:16,102.2874681267622,102.98097809001592,102.00822969342505,102.62733455412268,69.66609910985974
2025-05-13 18:02:16,102.62733455412268,103.33065332744422,102.49044626170262,103.07747141369697,82.1918237063453
2025-05-13 18:03:16,103.07747141369697,104.06511443817838,102.11778563612813,103.25142050139893,88.6019246687232
2025-05-13 18:04:16,103.25142050139893,103.8443426757789,103.22913813161455,103.51070669101397,51.224043068927905
2025-05-13 18:05:16,103.51070669101397,104.42770085509167,103.13456090847656,103.13861197497235,87.38912278091883
2025-05-13 18:06:16,103.13861197497235,103.61541281284191,102.82761563734141,103.5721157215596,86.38002173583521
2025-05-13 18:07:16,103.5721157215596,104.47985443369988,103.21675596054233,103.3152898656909,95.72224216670654
2025-05-13 18:08:16,103.3152898656909,104.08600940604573,102.89505471793154,103.96745723837019,99.48513927498178
2025-05-13 18:09:16,103.96745723837019,104.64895544908394,103.25931682515075,103.83432282994339,76.25986007474634
2025-05-13 18:10:16,103.83432282994339,104.41507916911532,103.20278191904846,103.34968040003753,93.69135542693758
2025-05-13 18:11:16,103.34968040003753,103.85079803960002,103.11079349263147,103.11668583165525,62.44852817478961
2025-05-13 18:12:16,103.11668583165525,103.30756690647043,102.81768788053054,103.19451978490432,97.90005719304095
2025-05-13 18:13:16,103.19451978490432,103.41572799756824,102.22921473248675,103.37013998499468,77.77860829214094
2025-05-13 18:14:16,103.37013998499468,103.45147129378927,103.00073332024394,103.03642262422899,75.17228894247495
2025-05-13 18:15:16,103.03642262422899,103.50176372663992,102.58289810428015,103.03220044510095,30.96650494336805
2025-05-13 18:16:16,103.03220044510095,103.6548397340204,102.30976125121761,103.30255873637986,75.56519709226271
2025-05-13 18:17:16,103.30255873637986,104.0104798408843,103.18113269604754,103.27872375548807,40.090995937912744
2025-05-13 18:18:16,103.27872375548807,104.10920427626242,102.49973166976864,102.85849631026704,53.12404914575912
2025-05-13 18:19:16,102.85849631026704,103.31445550700496,102.3628322391816,102.38923074810201,10.143401001244897
2025-05-13 18:20:16,102.38923074810201,102.98435504984731,101.4704759813238,101.77719497407595,28.86529357255888
2025-05-13 18:21:16,101.77719497407595,101.82151158112822,101.7276820000379,101.79316715654477,35.16850646624546
2025-05-13 18:22:16,101.79316715654477,102.13799501878437,101.71002846046898,101.93053797618616,15.797763468044433
2025-05-13 18:23:16,101.93053797618616,102.07862456199616,100.94770575709681,101.58406532190715,74.35363466164974
2025-05-13 18:24:16,101.58406532190715,101.88907084478956,100.68489262909708,101.33115842791628,27.800142271885548
2025-05-13 18:25:16,101.33115842791628,101.59242804641282,101.2831929600451,101.38997865407048,65.39054803607196
2025-05-13 18:26:16,101.38997865407048,102.38945098061747,100.65143116612184,101.60167961878085,32.59193947326075
2025-05-13 18:27:16,101.60167961878085,102.24027158467314,100.71738054468388,101.47930369037346,93.84407669548756
2025-05-13 18:28:16,101.47930369037346,102.14612456830154,100.86376771448417,101.09349636952007,84.67897861379788
2025-05-13 18:29:16,101.09349636952007,102.09856528162935,101.05779355594645,101.39296467013507,18.438182452492086
2025-05-13 18:30:16,101.39296467013507,102.3658327913233,100.9190706408653,101.93739912729144,81.26035011732826
2025-05-13 18:31:16,101.93739912729144,102.09181217147722,101.91931886652343,101.97281145435097,56.0170895670221
2025-05-13 18:32:16,101.97281145435097,102.09983333033233,101.33186480335657,101.39817292996128,55.194640827015384
2025-05-13 18:33:16,101.39817292996128,101.96128286033667,100.80375894759726,100.85315354760881,34.349709476247604
2025-05-13 18:34:16,100.85315354760881,101.64019031494377,100.8406405382089,100.91175050384217,63.707443897491494
2025-05-13 18:35:16,100.91175050384217,100.96108357999202,100.39278523075494,100.48421583330813,20.73708371344698
2025-05-13 18:36:16,100.48421583330813,100.86885092541955,100.18251266803709,100.44819879553559,87.01376583839156
2025-05-13 18:37:16,100.44819879553559,101.24861261281079,100.02616282139856,101.17424151811838,59.57603924647775
2025-05-13 18:38:16,101.17424151811838,101.88522942632157,100.37705564297563,101.5507448988429,82.65950721874601
2025-05-13 18:39:16,101.5507448988429,101.81479144462534,100.58653877520219,101.00573124097052,19.494000643403087
2025-05-13 18:40:16,101.00573124097052,101.24244300133618,100.21157224875945,100.6967797135504,42.86932898097323
2025-05-13 18:41:16,100.6967797135504,100.90526392776846,99.97305924175342,100.00819934437895,72.82146149347065
2025-05-13 18:42:16,100.00819934437895,100.38014510966008,99.87051308880864,100.21474001604611,41.129632970615674
2025-05-13 18:43:16,100.21474001604611,101.05787116935757,100.14590141628263,100.21857499400048,59.6665797332157
2025-05-13 18:44:16,100.21857499400048,100.94794468062923,99.91612333100576,100.34670507209661,72.51886170590089
2025-05-13 18:45:16,100.34670507209661,100.66285702774093,99.64028751377855,100.24266065377971,68.59726739550368
2025-05-13 18:46:16,100.24266065377971,101.24066919926166,99.58917796131264,101.07440261999132,48.7891625198373
2025-05-13 18:47:16,101.07440261999132,101.63883713326338,100.16216465719216,100.78719871011799,22.50875474868358
2025-05-13 18:48:16,100.78719871011799,100.83155902775233,100.31641372533885,100.69778870011842,37.243107427568106
2025-05-13 18:49:16,100.69778870011842,101.18360274898244,100.27284310853312,100.57587159689632,32.88150525341052
2025-05-13 18:50:16,100.57587159689632,100.71342658452772,100.21720266992028,100.56215080681186,16.26182899916958
2025-05-13 18:51:16,100.56215080681186,101.49968474071753,100.3752701939172,101.3804083668761,29.079942848129352
2025-05-13 18:52:16,101.3804083668761,101.580261411,100.47150991825254,101.00232791695254,91.18443702012799
2025-05-13 18:53:16,101.00232791695254,101.87223597587106,100.58161719180592,101.40546295079862,48.05456625215641
2025-05-13 18:54:16,101.40546295079862,102.1207995117441,101.37882367746704,101.72722582256658,62.74789050308396
2025-05-13 18:55:16,101.72722582256658,102.45028208159614,101.48086937603736,102.03297885659948,46.4523354305159
2025-05-13 18:56:16,102.03297885659948,102.15663762089518,101.03313902190041,102.1408439066279,17.529970038402865
2025-05-13 18:57:16,102.1408439066279,102.23884983511788,101.43456195086071,102.13209591590244,99.03893538043646
2025-05-13 18:58:16,102.13209591590244,102.2555870420268,101.9771074159804,102.19910048637206,55.98545677185697
2025-05-13 18:59:16,102.19910048637206,103.08801507514885,101.48208481217337,102.66917636202027,76.7562828536488
2025-05-13 19:00:16,102.66917636202027,102.98879264615663,102.26037867512336,102.6680522239971,49.01237293898557
2025-05-13 19:01:16,102.6680522239971,103.22430249979769,102.15891791557422,102.28676341554922,70.76505469463764
2025-05-13 19:02:16,102.28676341554922,103.04175856636496,101.32684989610948,102.47868860235022,59.68401464933534
2025-05-13 19:03:16,102.47868860235022,102.88275673063407,101.84843054780909,102.17422631370887,40.49640649353463
2025-05-13 19:04:16,102.17422631370887,103.16883637884493,101.24593705934365,103.0515965838292,88.28460530601139
2025-05-13 19:05:16,103.0515965838292,103.53529473675114,102.99787261811291,103.40000630393311,14.055981542211764
2025-05-13 19:06:16,103.40000630393311,103.7318554819428,102.43853996891143,102.98817162721132,29.83538710385033
2025-05-13 19:07:16,102.98817162721132,103.54466892359157,102.63710616750896,102.88403593477824,88.24084218114595
2025-05-13 19:08:16,102.88403593477824,103.89521478989997,102.42789360678488,103.75659612596127,59.613487910707164
2025-05-13 19:09:16,103.75659612596127,103.87681028008394,103.02913750493707,103.33633313410783,32.84093738854843
2025-05-13 19:10:16,103.33633313410783,104.13272986751488,102.5879660183628,104.11071148746852,70.38002857375929
2025-05-13 19:11:16,104.11071148746852,104.67795301800398,103.19495569419146,103.7200602446725,54.83273645150653
2025-05-13 19:12:16,103.7200602446725,103.78330512744313,103.62249283494732,103.73406807663311,62.767877045817286
2025-05-13 19:13:16,103.73406807663311,104.20820553395527,102.82581817501509,102.85283435152895,43.54275231414133
2025-05-13 19:14:16,102.85283435152895,103.64152087429837,102.68904219043539,102.88894927829136,19.61450808741098
2025-05-13 19:15:16,102.88894927829136,102.90092199073906,102.11186206484696,102.16089576084894,73.58407333538945
2025-05-13 19:16:16,102.16089576084894,102.68193121437875,102.0196357062017,102.32017207205831,51.57438246782018
2025-05-13 19:17:16,102.32017207205831,102.39082224691833,101.47316733883015,101.71365411969352,82.4557167081675
2025-05-13 19:18:16,101.71365411969352,102.05409169725799,101.40586532672587,101.81884947212521,15.723684623477151
2025-05-13 19:19:16,101.81884947212521,102.2408485609704,101.61752966116286,101.8087813981053,20.288026773881455
2025-05-13 19:20:16,101.8087813981053,101.83600573440934,101.2301480585731,101.7815627227908,66.7114370776126
2025-05-13 19:21:16,101.7815627227908,102.19611395706836,100.85927609699854,101.1244287755769,70.05385124438469
2025-05-13 19:22:16,101.1244287755769,101.85923300130155,100.14542329278797,101.36910463898164,71.38601569016367
2025-05-13 19:23:16,101.36910463898164,101.85735081579973,100.75542461115691,100.83855859032356,27.11145591261337
2025-05-13 19:24:16,100.83855859032356,101.27125444467153,99.90664712975514,100.48476625278094,16.308741877370384
2025-05-13 19:25:16,100.48476625278094,101.30977449309093,100.42676527333126,100.8703574107014,86.49632673923034
2025-05-13 19:26:16,100.8703574107014,101.16429893767453,100.46164515690916,100.60356115924169,43.403896063325966
2025-05-13 19:27:16,100.60356115924169,100.97397108259851,100.06288165150508,100.09138579745654,87.71042479748749
2025-05-13 19:28:16,100.09138579745654,100.93196997561652,99.66747454633655,100.66693190627376,36.74712113220369
2025-05-13 19:29:16,100.66693190627376,100.68660572224724,100.08975744761888,100.57823194360715,97.9250360192705
2025-05-13 19:30:16,100.57823194360715,100.9069869756898,99.84485535166895,100.77240385840439,10.367690043123517
2025-05-13 19:31:16,100.77240385840439,101.18308609956505,99.78878632161451,100.28280117443961,12.99573170103029
2025-05-13 19:32:16,100.28280117443961,100.70568115897018,99.95659843928229,100.42174057305786,44.87640266284889
2025-05-13 19:33:16,100.42174057305786,101.35359818766482,100.11904451662399,100.48871825269447,74.30839230866857
2025-05-13 19:34:16,100.48871825269447,100.77492480744587,100.09450054257972,100.46830108349788,26.506489036541602
2025-05-13 19:35:16,100.46830108349788,101.29851507943356,100.02923194070249,100.95919940921179,87.29458734548327
2025-05-13 19:36:16,100.95919940921179,101.77661877975551,100.85456249382037,101.18819073215776,30.809267128550964
2025-05-13 19:37:16,101.18819073215776,101.34478036204395,100.80418617050472,100.81451237201901,86.19756629277121
2025-05-13 19:38:16,100.81451237201901,101.12852991822925,100.62065656515095,100.62813726321974,53.884773488250396
2025-05-13 19:39:16,100.62813726321974,101.42674869427051,99.92484075774364,101.02619217826805,86.64526576130916
2025-05-13 19:40:16,101.02619217826805,101.53486418265592,100.03596045303753,100.63049147323122,45.49059061116919
2025-05-13 19:41:16,100.63049147323122,101.54751900488748,100.57587641807156,100.62609254202026,90.99818421038951
2025-05-13 19:42:16,100.62609254202026,101.49709534115526,100.44670339402268,100.67111656461712,85.48165707798191
2025-05-13 19:43:16,100.67111656461712,101.40095209302054,99.67961183031241,100.00263304365883,98.67986459785376
2025-05-13 19:44:16,100.00263304365883,100.065556124886,99.8790345178215,100.02541701410841,50.03676414646496
2025-05-13 19:45:16,100.02541701410841,100.24954655420471,99.24711663815765,99.6048867720078,95.233422583199
2025-05-13 19:46:16,99.6048867720078,100.41379628245822,98.7269432259024,98.95925368231303,10.931613352458147
2025-05-13 19:47:16,98.95925368231303,99.24072251934052,98.34057421796267,98.784802873947,34.55050651297057
2025-05-13 19:48:16,98.784802873947,99.3407358555672,98.13255283242479,98.59306836694465,19.06835335215414
2025-05-13 19:49:16,98.59306836694465,98.69837801925874,97.76243315069499,98.48894678969798,17.887773669537395
2025-05-13 19:50:16,98.48894678969798,98.63921085327954,97.57190763713164,98.47499858125755,48.33836163105337
2025-05-13 19:51:16,98.47499858125755,99.36467640790752,97.6429118885531,99.20917949303711,39.466026192447686
2025-05-13 19:52:16,99.20917949303711,99.67727737563598,99.05859135921166,99.1734034300728,98.03421797219299
2025-05-13 19:53:16,99.1734034300728,99.86294093221746,98.69306868971039,99.42957311445701,81.6639999118119
2025-05-13 19:54:16,99.42957311445701,100.37332622976243,98.6697453828751,100.21794968847628,53.09393917130003
2025-05-13 19:55:16,100.21794968847628,100.86875702534951,99.6736907950869,100.06188638311036,34.26686693683041
2025-05-13 19:56:16,100.06188638311036,100.41369347327807,99.38976238351103,100.19743563663481,77.64997363173252
2025-05-13 19:57:16,100.19743563663481,100.61350821772365,99.2530501248682,100.43112411802286,64.84633318143798
2025-05-13 19:58:16,100.43112411802286,100.65846309298071,99.88276515906473,100.26085328137951,74.33009618421373
2025-05-13 19:59:16,100.26085328137951,100.71807964931159,99.53248557126089,100.48412941892477,60.663353065392904
2025-05-13 20:00:16,100.48412941892477,100.79086307772164,99.65278510748003,99.68450556260557,65.80248667267244
2025-05-13 20:01:16,99.68450556260557,99.72947887690752,99.3668717821395,99.63156394138962,13.929847582727483
2025-05-13 20:02:16,99.63156394138962,100.0091707826356,99.57426544825263,99.73290779193889,48.89089799679941
2025-05-13 20:03:16,99.73290779193889,99.9149240214507,99.01765280950468,99.86972010034955,72.6745671363775
2025-05-13 20:04:16,99.86972010034955,100.78717731410948,99.85089747164895,100.09797733356646,64.75335005724887
2025-05-13 20:05:16,100.09797733356646,100.64724123734094,99.29416055805919,99.7972236396995,27.962023957360874
2025-05-13 20:06:16,99.7972236396995,100.01014613578258,99.31492995668468,99.77166547022583,46.80228478563062
2025-05-13 20:07:16,99.77166547022583,99.82307904577019,99.10349303853624,99.13396683418988,21.3409317646693
2025-05-13 20:08:16,99.13396683418988,99.7112037589593,98.17357170831156,98.81161813773863,41.06787494811924
2025-05-13 20:09:16,98.81161813773863,99.59273721905315,98.69830846577413,98.73088771105976,90.29806073486841
2025-05-13 20:10:16,98.73088771105976,98.81195769263087,97.8852842624124,98.06290747297922,11.628467995164476
2025-05-13 20:11:16,98.06290747297922,98.06643060316267,97.3977674093836,97.49439638964135,74.20253021669136
2025-05-13 20:12:16,97.49439638964135,97.95797695545274,96.73504491705826,96.73943506329032,55.26057960166993
2025-05-13 20:13:16,96.73943506329032,96.91077036952892,96.34589801996144,96.4537774703196,63.846683736161374
2025-05-13 20:14:16,96.4537774703196,97.24712434215624,96.18803384448911,96.4024744861088,22.784315876726254
2025-05-13 20:15:16,96.4024744861088,96.60869519003069,95.84876334064612,96.26138759899429,30.190725561425584
2025-05-13 20:16:16,96.26138759899429,96.60455644975237,95.3207938559925,96.02760956726752,25.669407306628088
2025-05-13 20:17:16,96.02760956726752,96.17259891904403,95.91098384886861,95.99522023271643,25.65634139232659
2025-05-13 20:18:16,95.99522023271643,96.4196899744921,95.61825353966174,96.03198209372006,40.40299710247858
2025-05-13 20:19:16,96.03198209372006,96.5550643956,95.94102134208762,96.21418143785239,92.67434307149556
2025-05-13 20:20:16,96.21418143785239,96.39610308842535,95.98395726139977,96.06807011555314,50.14897988339948
2025-05-13 20:21:16,96.06807011555314,96.328755099612,95.63082499577796,96.07377486086274,24.171910260750426
2025-05-13 20:22:16,96.07377486086274,96.37778961970557,95.23097301662298,95.28065350159042,12.85644359310999
2025-05-13 20:23:16,95.28065350159042,96.20402415039513,95.18443242183626,95.68603285005047,11.307090538526456
2025-05-13 20:24:16,95.68603285005047,96.48705991064413,95.21397041950719,95.75927284734941,95.71965398407947
2025-05-13 20:25:16,95.75927284734941,96.51300549418721,95.26898312330637,96.4949933552436,40.352738219208355
2025-05-13 20:26:16,96.4949933552436,96.81727835087521,96.05624691008636,96.64898681870785,23.116941053429954
2025-05-13 20:27:16,96.64898681870785,96.99244821772952,95.91448396485735,96.96413804008414,11.996331342302652
2025-05-13 20:28:16,96.96413804008414,97.86066515819209,96.31518089663412,97.65870269738782,18.92010479935182
2025-05-13 20:29:16,97.65870269738782,97.94591943795793,96.78704636906026,97.61870379648184,98.38176208695094
2025-05-13 20:30:16,97.61870379648184,97.91751767666803,96.95209017761327,97.34059593773907,44.51677204181563
2025-05-13 20:31:16,97.34059593773907,97.84662896002682,96.40308670960326,97.33075780260086,10.674797122604962
2025-05-13 20:32:16,97.33075780260086,98.23694623166213,96.5996136614831,96.76295789247891,69.28960016811773
2025-05-13 20:33:16,96.76295789247891,97.41457446408587,96.26578103977943,96.62825463721934,33.14897453363105
2025-05-13 20:34:16,96.62825463721934,97.19120493352334,96.27768648979882,96.43463062455275,20.079925498384473
2025-05-13 20:35:16,96.43463062455275,96.89209712045727,95.98750955650402,96.87834064728838,19.23915718089718
2025-05-13 20:36:16,96.87834064728838,97.41551910398574,96.60452840332302,97.1973671903734,94.24890284206283
2025-05-13 20:37:16,97.1973671903734,97.27470701084398,96.97999239206794,96.98868760758214,85.201699957577
2025-05-13 20:38:16,96.98868760758214,97.18763605110504,96.55410277142944,96.86982052043206,99.3470366814923
2025-05-13 20:39:16,96.86982052043206,97.46414845044315,96.1846321823073,96.79338527109884,41.311480740817544
2025-05-13 20:40:16,96.79338527109884,97.05411794733648,96.26864593830597,96.51380670444843,67.35319816559007
2025-05-13 20:41:16,96.51380670444843,97.12015264280332,96.04395826500125,96.48458028978999,81.86334669513974
2025-05-13 20:42:16,96.48458028978999,96.9520831156328,96.28352099348224,96.92660764004422,26.460532158768
2025-05-13 20:43:16,96.92660764004422,96.98523690194803,96.3265993740736,96.37387108708319,55.72541928161686
2025-05-13 20:44:16,96.37387108708319,96.77256827986183,95.57599382856665,96.03664338317583,78.82291625252009
2025-05-13 20:45:16,96.03664338317583,96.19886907446032,95.77948299917828,95.91509065500792,51.19513519731038
2025-05-13 20:46:16,95.91509065500792,96.05799048169374,95.18376633795874,95.50866492916781,82.46731976240757
2025-05-13 20:47:16,95.50866492916781,96.18979886500064,95.27893429654226,95.89321405353898,13.43649394038549
2025-05-13 20:48:16,95.89321405353898,96.22466258184788,95.25526819358689,96.03612011229839,89.33706415921331
2025-05-13 20:49:16,96.03612011229839,96.50107769116751,95.26990892083394,96.33538192660359,56.70077383359453
2025-05-13 20:50:16,96.33538192660359,96.82608666440414,95.76664887590819,96.13709168709659,28.0184475034223
2025-05-13 20:51:16,96.13709168709659,96.18929702694322,95.64031131265799,95.94808048935572,28.744004632801815
2025-05-13 20:52:16,95.94808048935572,96.77916307224218,95.89961492867529,96.34486402758462,99.768200364229
2025-05-13 20:53:16,96.34486402758462,96.41514855793264,95.92310082877638,96.33917738723613,63.459154356262026
2025-05-13 20:54:16,96.33917738723613,97.09885481185358,95.92062696123595,96.50505085958073,16.840970309898246
2025-05-13 20:55:16,96.50505085958073,97.20803459929499,96.28774918894811,96.50708950555645,27.864631422742136
2025-05-13 20:56:16,96.50708950555645,97.31418687872898,96.46748237556096,96.87252791275674,59.14973655883123
2025-05-13 20:57:16,96.87252791275674,97.38197305271062,96.38448800021467,97.14627683791554,42.9622241120652
2025-05-13 20:58:16,97.14627683791554,97.87848795641658,97.05289134134708,97.48208743332849,51.07323106199515
2025-05-13 20:59:16,97.48208743332849,98.00955169536975,97.18733717253379,97.37082310859877,67.75611200346432
2025-05-13 21:00:16,97.37082310859877,97.98893964482747,96.51602724759583,97.10766661459725,45.18530493976672
2025-05-13 21:01:16,97.10766661459725,97.74830026370168,96.19880808663483,97.08034388539267,47.62567026879913
2025-05-13 21:02:16,97.08034388539267,97.29811124708196,96.4614732751784,97.27183998137147,43.61058060943221
2025-05-13 21:03:16,97.27183998137147,97.41865005495114,96.55511412350421,97.16903692314945,53.69381190200572
2025-05-13 21:04:16,97.16903692314945,97.65832916179367,96.43806714261966,96.69078521780582,45.15843112315203
2025-05-13 21:05:16,96.69078521780582,96.9241289655166,96.40631078434488,96.4496667286105,97.45584318627282
2025-05-13 21:06:16,96.4496667286105,97.16943077914291,96.28943378400879,96.88452982903624,75.14882763931271
2025-05-13 21:07:16,96.88452982903624,97.18123167419803,96.36348126300113,96.60450060168202,96.18448216635844
2025-05-13 21:08:16,96.60450060168202,96.61367692366214,96.30344277246269,96.36104599439994,91.72371641805883
2025-05-13 21:09:16,96.36104599439994,96.49427798186665,95.97603061380089,96.21109471522425,83.12130230734944
2025-05-13 21:10:16,96.21109471522425,96.42216661117345,95.34089451127531,95.46723775583642,18.854014714877877
2025-05-13 21:11:16,95.46723775583642,95.91351619462863,94.94350674368569,95.72554649581488,22.552667407921085
2025-05-13 21:12:16,95.72554649581488,96.59578965325252,95.2389267703262,96.35498892965091,42.875981587923285
2025-05-13 21:13:16,96.35498892965091,96.74866942401691,95.56605794093474,96.62916887037218,30.619910181723657
2025-05-13 21:14:16,96.62916887037218,96.78567422736405,95.92681585717469,96.53226008390894,23.924874665106394
2025-05-13 21:15:16,96.53226008390894,96.57159697402157,96.28382761030274,96.42749537023455,14.059758409912703
2025-05-13 21:16:16,96.42749537023455,96.84219259545492,95.99770763307536,96.72515996549232,93.20301382666922
2025-05-13 21:17:16,96.72515996549232,97.15831732494011,95.82241152766655,96.74938174396266,60.756331094226184
2025-05-13 21:18:16,96.74938174396266,97.39200220972374,96.56546719788919,97.18061615554296,89.72480303850394
2025-05-13 21:19:16,97.18061615554296,97.3893329290369,96.35166902254967,96.6555253703017,39.74079387479311
2025-05-13 21:20:16,96.6555253703017,97.09643505840464,96.0065662331217,96.63149161330648,51.61983070204758
2025-05-13 21:21:16,96.63149161330648,97.0104571342866,96.61462484008842,96.68320576727596,29.940626768913365
2025-05-13 21:22:16,96.68320576727596,96.90453754981806,96.42017755893215,96.47659069546704,71.20749823990708
2025-05-13 21:23:16,96.47659069546704,96.96918657056943,96.26073319401266,96.4700205835563,56.91088369693552
2025-05-13 21:24:16,96.4700205835563,96.89724634527832,96.38418600424787,96.80886364256132,51.48381907363928
2025-05-13 21:25:16,96.80886364256132,97.46138735015495,96.38498535513357,97.06636308448478,84.09576501387475
2025-05-13 21:26:16,97.06636308448478,97.99749408047788,96.54804734024117,97.02830691037248,25.1373508962774
2025-05-13 21:27:16,97.02830691037248,97.77094342756958,96.75344572896425,97.14283547612347,56.934912860966065
2025-05-13 21:28:16,97.14283547612347,97.28130877798847,96.66025329488238,96.71056078179782,97.25959905802759
2025-05-13 21:29:16,96.71056078179782,97.51739395615121,96.36318439522687,97.29349574088292,89.91150545026464
2025-05-13 21:30:16,97.29349574088292,97.79283100210787,96.33942783742174,96.84641887079034,80.85068501641082
2025-05-13 21:31:16,96.84641887079034,97.34353666203545,96.67592073790148,97.08038459397302,88.98272922592906
2025-05-13 21:32:16,97.08038459397302,97.93379878421422,96.90343548933701,97.78912916731582,37.36916325723536
2025-05-13 21:33:16,97.78912916731582,98.45304361204268,97.10444439113357,98.27427103553167,92.01790137780071
2025-05-13 21:34:16,98.27427103553167,99.11336217192442,97.91008768621302,98.58209796368094,80.92212282546285
2025-05-13 21:35:16,98.58209796368094,99.41482539459854,98.37468133503505,98.59991439298435,70.81942468356992
2025-05-13 21:36:16,98.59991439298435,98.89104807211264,98.51434060992494,98.8514725298195,75.09608136493705
2025-05-13 21:37:16,98.8514725298195,98.8685677312366,98.46054698628106,98.61790259533446,80.8268042085018
2025-05-13 21:38:16,98.61790259533446,98.73766044668074,98.20117794348015,98.61792674493302,40.77098821821476
2025-05-13 21:39:16,98.61792674493302,98.7807722375279,97.65427485464444,98.24186185294971,90.75349127911706
2025-05-13 21:40:16,98.24186185294971,98.77493244342914,97.26107318336827,98.06219580353705,18.019020465998743
2025-05-13 21:41:16,98.06219580353705,98.6455533645839,98.01601232640343,98.33246736435567,78.33754339346201
2025-05-13 21:42:16,98.33246736435567,99.29427609372057,98.17336619564647,98.57919561048773,63.94358604143232
2025-05-13 21:43:16,98.57919561048773,98.92383815669947,98.11113903914914,98.34976734099256,63.10143388428819
2025-05-13 21:44:16,98.34976734099256,98.74725204111188,97.41082092004214,98.37475075217826,96.84310647678774
2025-05-13 21:45:16,98.37475075217826,99.20342609839052,97.71248922151445,98.27080834978291,30.107052715662306
2025-05-13 21:46:16,98.27080834978291,98.72184953301337,97.51499909014194,98.14226258950042,43.25180953234059
2025-05-13 21:47:16,98.14226258950042,99.01335879689326,97.19918842018471,97.82478650588419,12.058731124407409
2025-05-13 21:48:16,97.82478650588419,98.10230248835146,97.62788147525418,97.7466889610302,17.8613388050441
2025-05-13 21:49:16,97.7466889610302,98.45161438902691,96.85303592563774,97.46903782659543,72.27389094532418
2025-05-13 21:50:16,97.46903782659543,97.91737917494778,97.05381230212517,97.61534102979176,68.50417779956773
2025-05-13 21:51:16,97.61534102979176,98.44307941945523,96.69158523319636,96.70118268256464,63.40409516672486
2025-05-13 21:52:16,96.70118268256464,97.51755642376412,96.28625428238614,96.32124786617763,43.4961484852467
2025-05-13 21:53:16,96.32124786617763,96.42399175452915,95.97798922732908,96.37118711140947,87.03400307126162
2025-05-13 21:54:16,96.37118711140947,96.91010359498478,95.9767939333009,96.31006197240835,96.18912446504781
2025-05-13 21:55:16,96.31006197240835,97.07568897947975,95.5415187634754,96.98713713498417,94.1299436226503
2025-05-13 21:56:16,96.98713713498417,97.66228108670757,96.4625391551469,96.883240263954,17.41409158481628
2025-05-13 21:57:16,96.883240263954,97.58621110769127,96.43993194459232,97.0294247262619,72.05783946118964
2025-05-13 21:58:16,97.0294247262619,97.20148043742145,96.8677411058834,96.89713657830221,86.5514963895887
2025-05-13 21:59:16,96.89713657830221,96.97267190925062,96.61116357762603,96.7247646046219,35.16540662084469
2025-05-13 22:00:16,96.7247646046219,96.75413499598672,96.58980335929675,96.67508802179384,88.89737336359069
2025-05-13 22:01:16,96.67508802179384,97.2094509909901,96.64815205592339,97.01490392543977,93.14604702827366
2025-05-13 22:02:16,97.01490392543977,97.6170915291217,96.24689380715388,96.76667060915838,17.908181085670197
2025-05-13 22:03:16,96.76667060915838,97.27974199583547,96.69099060842974,97.10834962327147,89.60703667904814
2025-05-13 22:04:16,97.10834962327147,97.71091117876142,96.1893845525471,97.47249275970444,85.2369161049052
2025-05-13 22:05:16,97.47249275970444,97.90929067733751,97.24867075620837,97.30249020198902,86.05573073243416
2025-05-13 22:06:16,97.30249020198902,97.43532621790534,96.69860798803461,97.06813043249103,41.53556853878444
2025-05-13 22:07:16,97.06813043249103,97.33723793231785,96.12007204929083,96.13592939696683,23.16166155679744
2025-05-13 22:08:16,96.13592939696683,96.57019939963567,95.94078444468153,95.94825522009079,17.155387816797578
2025-05-13 22:09:16,95.94825522009079,96.48800386233248,95.71911128400512,96.15285784104108,35.918945994145346
2025-05-13 22:10:16,96.15285784104108,96.26410426835889,95.59270625361434,96.14259337248082,58.94471177476926
2025-05-13 22:11:16,96.14259337248082,96.82733925941238,95.9765910934808,96.74973272436237,25.910011769214545
2025-05-13 22:12:16,96.74973272436237,96.93265511730237,95.9353503584378,96.50824463118282,48.423388351067494
2025-05-13 22:13:16,96.50824463118282,96.54497358472773,96.0791711031839,96.51854277123834,26.069957445420133
2025-05-13 22:14:16,96.51854277123834,96.55335284319514,95.97458504681826,96.54508551965736,19.72141851406508
2025-05-13 22:15:16,96.54508551965736,97.4909093313033,96.2300401847183,96.47825107434406,50.06263098300124
2025-05-13 22:16:16,96.47825107434406,96.80371856179552,95.6714791322531,96.37126620995704,65.91673799443996
2025-05-13 22:17:16,96.37126620995704,96.903019565824,95.80696899349452,96.50746004279253,22.851057108914933
2025-05-13 22:18:16,96.50746004279253,96.84384509270095,95.58591487173807,95.84832849406213,30.926804021531684
2025-05-13 22:19:16,95.84832849406213,96.4447742302492,95.71732413034407,96.34075671203072,17.459521646008703
2025-05-13 22:20:16,96.34075671203072,96.77819244058685,95.70237492152462,96.68229689710444,43.431089546051005
2025-05-13 22:21:16,96.68229689710444,96.89500867704366,95.82021308880492,96.26131939858908,39.61253115570523
2025-05-13 22:22:16,96.26131939858908,96.4673248933354,95.38461353911052,95.50235016988502,95.7220677368897
2025-05-13 22:23:16,95.50235016988502,95.6078708541229,94.69563026890812,95.34412796708897,50.199829928925965
2025-05-13 22:24:16,95.34412796708897,96.00533190058161,94.6080725517553,95.17527968743796,60.70955306386755
2025-05-13 22:25:16,95.17527968743796,96.06110766275884,94.60587293565035,95.73072836785367,97.57304881051213
2025-05-13 22:26:16,95.73072836785367,96.63188672796686,94.97885657473812,95.79665507935474,25.661041895155986
2025-05-13 22:27:16,95.79665507935474,96.35281686440146,95.37563101734399,95.56054481720408,58.91917599651194
2025-05-13 22:28:16,95.56054481720408,96.27034631084462,95.50217599804145,95.86035387182748,96.43760819228942
2025-05-13 22:29:16,95.86035387182748,96.78061655444866,95.08265144059334,96.21759577899502,75.8965255105401
2025-05-13 22:30:16,96.21759577899502,96.9876226018546,95.34719787959277,96.81085052904962,90.5921625290959
2025-05-13 22:31:16,96.81085052904962,97.6201986867797,96.63836796651975,96.8887649087676,18.69893326496165
2025-05-13 22:32:16,96.8887649087676,97.72561490400454,96.87677693575633,97.71215553394231,87.97724333287701
2025-05-13 22:33:16,97.71215553394231,98.39794518606821,97.59848843037835,97.92169528307468,22.90682525248767
2025-05-13 22:34:16,97.92169528307468,98.04548258829247,97.90339499860993,97.94007329731123,80.94136753010496
2025-05-13 22:35:16,97.94007329731123,98.64089573895265,97.6514853964499,98.38098113274901,24.06837034959144
2025-05-13 22:36:16,98.38098113274901,98.51492770490039,98.20102852321295,98.27662725070353,60.32767730737142
2025-05-13 22:37:16,98.27662725070353,98.78158571190711,98.12390482177493,98.2999975254133,95.17078410229894
2025-05-13 22:38:16,98.2999975254133,98.89478791553523,97.74916813044332,98.6067789775704,48.0474504832982
2025-05-13 22:39:16,98.6067789775704,98.80762194136977,98.09399073260401,98.32832696121135,37.80630983731588
2025-05-13 22:40:16,98.32832696121135,98.58929345517137,97.71048198382164,98.21097882500187,94.4849259085408
2025-05-13 22:41:16,98.21097882500187,98.34835641079857,97.50411475544345,97.70630474497005,79.15658416117063
2025-05-13 22:42:16,97.70630474497005,97.83871869996449,97.42809460242124,97.77328582218851,84.38911399779948
2025-05-13 22:43:16,97.77328582218851,98.12951514775575,97.40768744201353,98.09346857225377,18.21246714733168
2025-05-13 22:44:16,98.09346857225377,98.95239157754054,97.50933188725104,98.70565575721503,67.14408431092289
2025-05-13 22:45:16,98.70565575721503,99.11139580819504,98.30407022043886,98.82968627818983,84.50410995698456
2025-05-13 22:46:16,98.82968627818983,99.70345478249668,98.6372213418246,99.4168616327705,60.644951987191
2025-05-13 22:47:16,99.4168616327705,99.93354193839711,99.06126074775368,99.40450991200984,54.957763365608585
2025-05-13 22:48:16,99.40450991200984,100.01157730868657,99.02523903935075,99.21855938005399,93.54632213816888
2025-05-13 22:49:16,99.21855938005399,99.98764923327147,98.47365317350324,99.56441805759601,90.44696676953953
2025-05-13 22:50:16,99.56441805759601,100.36117622955884,99.25623455123626,99.63847509432198,88.3473950175084
2025-05-13 22:51:16,99.63847509432198,99.77158235180018,98.65032669308802,98.7307302411121,97.0389203397915
2025-05-13 22:52:16,98.7307302411121,99.60044725844342,98.31986632433872,99.05710679589947,58.41021654315165
2025-05-13 22:53:16,99.05710679589947,99.51922485506401,99.0306083221941,99.18934528093584,92.5850360108194
2025-05-13 22:54:16,99.18934528093584,99.44875206088011,98.31802453447159,99.38692012376208,86.47504809316216
2025-05-13 22:55:16,99.38692012376208,100.3456923103883,98.95173355014998,100.30187879872724,79.12846325362956
2025-05-13 22:56:16,100.30187879872724,100.90805422625056,99.7163804775402,100.18366060297227,93.56959006484945
2025-05-13 22:57:16,100.18366060297227,100.32016855632617,100.05866090698191,100.07468393087358,85.67038975035247
2025-05-13 22:58:16,100.07468393087358,100.22501799695938,99.67440764342686,99.8834436568363,49.26782932962523
2025-05-13 22:59:16,99.8834436568363,100.15052313653437,99.73990868322797,99.76018774750263,29.453611600416185
2025-05-13 23:00:16,99.76018774750263,100.03391347619461,99.50492279290785,99.61395510664653,26.96552307950451
2025-05-13 23:01:16,99.61395510664653,99.80476963703076,99.2735223310831,99.28869636033399,45.93057679155573
2025-05-13 23:02:16,99.28869636033399,99.83891010117543,99.13961179748274,99.47235866717294,20.330274627551766
2025-05-13 23:03:16,99.47235866717294,99.70988425336289,99.12685327828389,99.13461458672808,74.08541987355852
